,Kmer2_Kmer_1,Kmer2_Kmer_2,Kmer2_Kmer_3,Kmer2_Kmer_4,Kmer2_Kmer_5,Kmer2_Kmer_6,Kmer2_Kmer_7,Kmer2_Kmer_8,Kmer2_Kmer_9,Kmer2_Kmer_10,Kmer2_Kmer_11,Kmer2_Kmer_12,Kmer2_Kmer_13,Kmer2_Kmer_14,Kmer2_Kmer_15,Kmer2_Kmer_16,Kmer3_Kmer_1,Kmer3_Kmer_2,Kmer3_Kmer_3,Kmer3_Kmer_4,Kmer3_Kmer_5,Kmer3_Kmer_6,Kmer3_Kmer_7,Kmer3_Kmer_8,Kmer3_Kmer_9,Kmer3_Kmer_10,Kmer3_Kmer_11,Kmer3_Kmer_12,Kmer3_Kmer_13,Kmer3_Kmer_14,Kmer3_Kmer_15,Kmer3_Kmer_16,Kmer3_Kmer_17,Kmer3_Kmer_18,Kmer3_Kmer_19,Kmer3_Kmer_20,Kmer3_Kmer_21,Kmer3_Kmer_22,Kmer3_Kmer_23,Kmer3_Kmer_24,Kmer3_Kmer_25,Kmer3_Kmer_26,Kmer3_Kmer_27,Kmer3_Kmer_28,Kmer3_Kmer_29,Kmer3_Kmer_30,Kmer3_Kmer_31,Kmer3_Kmer_32,Kmer3_Kmer_33,Kmer3_Kmer_34,Kmer3_Kmer_35,Kmer3_Kmer_36,Kmer3_Kmer_37,Kmer3_Kmer_38,Kmer3_Kmer_39,Kmer3_Kmer_40,Kmer3_Kmer_41,Kmer3_Kmer_42,Kmer3_Kmer_43,Kmer3_Kmer_44,Kmer3_Kmer_45,Kmer3_Kmer_46,Kmer3_Kmer_47,Kmer3_Kmer_48,Kmer3_Kmer_49,Kmer3_Kmer_50,Kmer3_Kmer_51,Kmer3_Kmer_52,Kmer3_Kmer_53,Kmer3_Kmer_54,Kmer3_Kmer_55,Kmer3_Kmer_56,Kmer3_Kmer_57,Kmer3_Kmer_58,Kmer3_Kmer_59,Kmer3_Kmer_60,Kmer3_Kmer_61,Kmer3_Kmer_62,Kmer3_Kmer_63,Kmer3_Kmer_64,MaxAbsEStateIndex,MaxEStateIndex,MinAbsEStateIndex,MinEStateIndex,qed,SPS,MolWt,HeavyAtomMolWt,ExactMolWt,NumValenceElectrons,NumRadicalElectrons,MaxPartialCharge,MinPartialCharge,MaxAbsPartialCharge,MinAbsPartialCharge,FpDensityMorgan1,FpDensityMorgan2,FpDensityMorgan3,BCUT2D_MWHI,BCUT2D_MWLOW,BCUT2D_CHGHI,BCUT2D_CHGLO,BCUT2D_LOGPHI,BCUT2D_LOGPLOW,BCUT2D_MRHI,BCUT2D_MRLOW,AvgIpc,BalabanJ,BertzCT,Chi0,Chi0n,Chi0v,Chi1,Chi1n,Chi1v,Chi2n,Chi2v,Chi3n,Chi3v,Chi4n,Chi4v,HallKierAlpha,Ipc,Kappa1,Kappa2,Kappa3,LabuteASA,PEOE_VSA1,PEOE_VSA10,PEOE_VSA11,PEOE_VSA12,PEOE_VSA13,PEOE_VSA14,PEOE_VSA2,PEOE_VSA3,PEOE_VSA4,PEOE_VSA5,PEOE_VSA6,PEOE_VSA7,PEOE_VSA8,PEOE_VSA9,SMR_VSA1,SMR_VSA10,SMR_VSA2,SMR_VSA3,SMR_VSA4,SMR_VSA5,SMR_VSA6,SMR_VSA7,SMR_VSA8,SMR_VSA9,SlogP_VSA1,SlogP_VSA10,SlogP_VSA11,SlogP_VSA12,SlogP_VSA2,SlogP_VSA3,SlogP_VSA4,SlogP_VSA5,SlogP_VSA6,SlogP_VSA7,SlogP_VSA8,SlogP_VSA9,TPSA,EState_VSA1,EState_VSA10,EState_VSA11,EState_VSA2,EState_VSA3,EState_VSA4,EState_VSA5,EState_VSA6,EState_VSA7,EState_VSA8,EState_VSA9,VSA_EState1,VSA_EState10,VSA_EState2,VSA_EState3,VSA_EState4,VSA_EState5,VSA_EState6,VSA_EState7,VSA_EState8,VSA_EState9,FractionCSP3,HeavyAtomCount,NHOHCount,NOCount,NumAliphaticCarbocycles,NumAliphaticHeterocycles,NumAliphaticRings,NumAmideBonds,NumAromaticCarbocycles,NumAromaticHeterocycles,NumAromaticRings,NumAtomStereoCenters,NumBridgeheadAtoms,NumHAcceptors,NumHDonors,NumHeteroatoms,NumHeterocycles,NumRotatableBonds,NumSaturatedCarbocycles,NumSaturatedHeterocycles,NumSaturatedRings,NumSpiroAtoms,NumUnspecifiedAtomStereoCenters,Phi,RingCount,MolLogP,MolMR,fr_Al_COO,fr_Al_OH,fr_Al_OH_noTert,fr_ArN,fr_Ar_COO,fr_Ar_N,fr_Ar_NH,fr_Ar_OH,fr_COO,fr_COO2,fr_C_O,fr_C_O_noCOO,fr_C_S,fr_HOCCN,fr_Imine,fr_NH0,fr_NH1,fr_NH2,fr_N_O,fr_Ndealkylation1,fr_Ndealkylation2,fr_Nhpyrrole,fr_SH,fr_aldehyde,fr_alkyl_carbamate,fr_alkyl_halide,fr_allylic_oxid,fr_amide,fr_amidine,fr_aniline,fr_aryl_methyl,fr_azide,fr_azo,fr_barbitur,fr_benzene,fr_benzodiazepine,fr_bicyclic,fr_diazo,fr_dihydropyridine,fr_epoxide,fr_ester,fr_ether,fr_furan,fr_guanido,fr_halogen,fr_hdrzine,fr_hdrzone,fr_imidazole,fr_imide,fr_isocyan,fr_isothiocyan,fr_ketone,fr_ketone_Topliss,fr_lactam,fr_lactone,fr_methoxy,fr_morpholine,fr_nitrile,fr_nitro,fr_nitro_arom,fr_nitro_arom_nonortho,fr_nitroso,fr_oxazole,fr_oxime,fr_para_hydroxylation,fr_phenol,fr_phenol_noOrthoHbond,fr_phos_acid,fr_phos_ester,fr_piperdine,fr_piperzine,fr_priamide,fr_prisulfonamd,fr_pyridine,fr_quatN,fr_sulfide,fr_sulfonamd,fr_sulfone,fr_term_acetylene,fr_tetrazole,fr_thiazole,fr_thiocyan,fr_thiophene,fr_unbrch_alkane,fr_urea,pKd,bind
0,0.0,0.0,0.125,0.1,0.0,0.0,0.20000000000000004,0.0,0.0,0.2857142857142857,0.07142857142857142,0.125,0.25,0.0,0.14285714285714285,0.1,0.0,0.0,0.0,0.0,0.0,0.0,0.0,0.0,0.0,0.3333333333333333,0.0,0.0,0.5,0.0,0.0,0.0,0.0,0.0,0.0,0.0,0.0,0.0,0.0,0.0,0.0,0.0,1.0,0.0,0.0,0.0,0.0,0.0,0.0,0.0,0.0,0.0,0.0,0.0,1.0,0.0,0.0,0.3333333333333333,0.1,0.25,0.25,0.0,0.0,0.3333333333333333,0.0,0.0,0.3333333333333333,0.5,0.0,0.0,0.0,0.0,0.0,0.0,0.0,0.25,0.0,0.0,0.25,0.0,0.7512598108568802,0.7512598108568802,0.41753208598250396,0.5088489431573578,0.7521850362228648,0.40903821616406805,0.40666002197858353,0.42719427648180835,0.40643068268781213,0.34615384615384615,0.0,0.7815514163896587,0.1368551322293241,0.8631448677706761,0.7815514163896587,0.7999999999999999,0.622829861111111,0.614566929133858,0.8346979123466159,0.590510583756032,0.8987908967588663,0.2724041130370676,0.8883676233387678,0.016047668278849514,1.0000000000000002,0.31278494234289483,0.5329366977882253,0.07490253180161355,0.38890404425460506,0.38637346888793,0.38666231239002236,0.4459833224497608,0.3703096833341837,0.36480344190702196,0.48115648978210157,0.4647475847559552,0.7235822610973572,0.3809378399974445,0.668419992630888,0.4094277481496672,0.7980155666040949,0.4623655913978497,0.0006570841745916898,0.3331621263586134,0.15132608650921248,0.0441820775328077,0.4137689887462124,0.2070221944279956,0.3849856602680497,0.0,1.0,0.0,0.48983014114463747,0.4972678084766813,0.48018314227707,0.0,1.0,1.0,0.3978726504564075,0.11303871572385495,0.0,0.32763319559647686,0.8490967692225304,0.0,0.9607959894397791,0.17417248347203784,0.38775089517847816,0.0,0.6959173894929702,0.0,0.0,0.38545856121526656,0.0,0.0,0.5069367249844174,0.18267448483684245,0.5644257166194375,0.0,0.2744647190227121,0.8640446901364796,0.0,0.0,0.0,0.3015922572588199,0.3165670334607548,0.43289509694254447,0.0,0.2761920259793229,0.12279412888286331,0.0,0.37766353635582683,1.0,0.1373124003958159,0.18371536081864415,0.12041525664853266,0.0,0.1293386359933021,0.9366537200787682,0.15226447619682412,0.2652843951615882,0.7259612125593979,0.7375537551654618,0.799959344057139,0.5888319640799842,0.0,0.1160714285714286,0.3846153846153846,0.25,0.2941176470588235,0.0,1.0,0.6666666666666666,1.0,0.5,0.0,0.5,0.26666666666666666,0.0,0.23076923076923078,0.25,0.3529411764705882,0.6666666666666666,0.25,0.0,1.0,0.6666666666666666,0.0,0.0,0.12296220871285304,0.6000000000000001,0.8372864619334454,0.44222682267540536,1.0,0.0,0.0,0.0,0.0,0.0,0.0,0.0,1.0,1.0,1.0,0.6666666666666666,0.0,0.0,0.0,0.3333333333333333,0.5,0.2,0.0,0.0,0.0,0.0,0.0,0.0,0.0,0.0,0.0,1.0,0.0,0.0,0.0,0.0,0.0,0.0,0.5,0.0,0.3333333333333333,0.0,0.0,0.0,0.0,0.0,0.0,0.0,0.0,0.0,0.0,0.0,0.0,0.0,0.0,0.0,0.0,1.0,0.0,0.0,0.0,0.0,0.0,0.0,0.0,0.0,0.0,0.0,0.0,0.0,0.0,0.0,0.0,0.0,0.0,0.0,0.0,0.0,0.0,1.0,0.0,0.0,0.0,0.0,0.0,0.0,0.0,0.0,0.0,13.4,1
1,0.0,0.0,0.375,0.0,0.125,0.08333333333333333,0.1,0.2,0.4,0.2857142857142857,0.0,0.5,0.0,0.1,0.5714285714285714,0.0,0.0,0.0,0.0,0.0,0.0,0.0,0.0,0.0,0.0,0.0,0.0,1.0,0.0,0.0,0.0,0.0,0.0,0.0,0.3333333333333333,0.0,0.3333333333333333,0.0,0.0,0.0,0.0,0.5,0.3333333333333333,0.0,0.0,0.0,0.5,0.0,0.0,0.0,1.0,0.0,0.0,0.3333333333333333,0.6666666666666666,0.0,0.0,0.0,0.1,0.5,0.0,0.2,0.75,0.0,0.0,0.0,0.0,0.0,0.0,0.0,0.0,0.3333333333333333,1.0,1.0,0.0,0.0,0.0,0.0,0.0,0.0,0.7450772524130755,0.7450772524130755,0.22189241243134425,0.5155484346425515,0.9045542092390635,0.3923069741387359,0.36828694829921527,0.38934999810873144,0.3680512849737573,0.3076923076923077,0.0,0.7815514163893384,0.13685513222932366,0.8631448677706766,0.7815514163893384,0.765217391304348,0.621376811594203,0.6317014720985961,0.8346979086181333,0.5937645185256653,0.8963458057570799,0.27831902970941513,0.8871384143903356,0.022970020820689996,0.9999994745429162,0.31295552371058466,0.44423109935730176,0.0527612455997678,0.3590002028308705,0.3435010511073404,0.35414323711975504,0.4134642471794936,0.3342762076924447,0.33787601856892,0.45422906644399974,0.4403308199208495,0.6991654962622513,0.3416215778240163,0.6291037304574603,0.39764276584249203,0.7861227919510445,0.47670250896057376,0.00040857374185450076,0.2932229720477606,0.13077671258169382,0.05640807790201799,0.37684304854143,0.13355573176774332,0.2860034502533458,0.0,1.0,0.0,0.48983014114463747,0.4972678084766813,0.48018314227707,0.0,1.0,1.0,0.3978726504564075,0.11303871572385495,0.1524699330255931,0.32763319559647686,0.8490967692225304,0.0,0.9607959894397791,0.0,0.3918702529982363,0.0,0.6959173894929702,0.0,0.0,0.18545856121526658,0.0,0.0,0.5069367249844174,0.18267448483684245,0.8163844706951751,0.0,0.1873337328269143,0.8640446901364796,0.0,0.0,0.0,0.22035591632844212,0.2077102971564159,0.43289509694254447,0.0,0.5780163156001789,0.0,0.18489454739323197,0.37766353635582683,0.0,1.0,0.18371536081864415,0.0,0.0016794018391565295,0.13303793061431066,0.9299588033666626,0.15383791599867663,0.083906205148661,0.7540136555115866,0.8368570586032602,0.8092957267576701,0.5948252033679535,0.0,0.1160714285714286,0.34615384615384615,0.125,0.2352941176470588,0.0,1.0,0.6666666666666666,1.0,0.5,0.0,0.5,0.2,0.0,0.15384615384615385,0.16666666666666666,0.2941176470588235,0.6666666666666666,0.25,0.0,1.0,0.6666666666666666,0.0,0.0,0.103977171659733,0.6000000000000001,0.8908758763700998,0.4012497474198704,1.0,0.0,0.0,0.0,0.0,0.0,0.0,0.0,1.0,1.0,1.0,0.6666666666666666,0.0,0.0,0.0,0.3333333333333333,0.5,0.0,0.0,0.0,0.0,0.0,0.0,0.0,0.0,0.0,0.0,1.0,0.0,0.0,0.0,0.0,0.0,0.0,0.5,0.0,0.3333333333333333,0.0,0.0,0.0,0.0,0.0,0.0,0.0,0.0,0.0,0.0,0.0,0.0,0.0,0.0,0.0,0.0,1.0,0.0,0.0,0.0,0.0,0.0,0.0,0.0,0.0,0.0,0.0,0.0,0.0,0.0,0.0,0.0,0.0,0.0,0.0,0.0,0.0,0.0,1.0,0.0,0.0,0.0,0.0,0.0,0.0,0.0,0.0,0.0,383.4,1
2,0.25,0.0,0.25,0.0,0.0,0.08333333333333333,0.0,0.2,0.4,0.14285714285714285,0.14285714285714282,0.0,0.125,0.0,0.2857142857142857,0.1,0.0,0.0,0.3333333333333333,0.0,0.0,0.0,0.0,0.0,0.0,0.3333333333333333,0.3333333333333333,0.0,0.0,0.0,0.0,0.0,0.0,0.0,0.0,0.0,0.0,0.0,0.5,0.0,0.3333333333333333,0.0,0.0,0.0,0.5,0.0,0.0,0.0,0.0,0.0,0.5,0.0,0.0,0.3333333333333333,0.0,0.3333333333333333,0.0,0.3333333333333333,0.30000000000000004,0.25,0.0,0.0,0.0,0.3333333333333333,0.5,0.0,0.0,0.0,0.0,0.0,0.0,0.0,0.5,0.0,0.3333333333333333,0.0,0.0,0.0,0.25,0.0,0.6198426714802512,0.6198426714802512,0.08888028495375246,0.3481842404636426,0.12226839969438116,1.0,0.7519052365253391,0.7458864914811871,0.7519228334455671,0.7692307692307693,0.0,0.3966028633699942,0.5567502301932139,0.4432497698067863,0.3966028633699942,0.0,0.0,0.0,0.07771187464627316,0.42980515228072846,0.6807904240895581,0.16977176254114035,0.548822619688158,0.06579734444132956,0.0010435279475373704,0.07388586578842171,0.5058241666364118,0.0800434700453786,0.2880951138693138,0.7294589133947077,0.7174911763167487,0.7174911763167487,0.7304129878436184,0.7903302167310081,0.7903302167310081,0.803414790375441,0.803414790375441,0.7592994167415896,0.7592994167415896,0.6977434946773906,0.6949788797704144,0.9856630824372761,0.04406259049645616,0.773488974858326,0.6279715012259224,0.28593197039511575,0.7330984353813795,0.9318750776872723,0.9999999999999999,0.34573528768703593,0.0,0.0,0.0,0.0,0.0,0.0,0.0,0.0,0.0,0.44359063717767416,0.3003587438596238,0.9194028558087397,0.0,0.0,0.0,0.6966899338881514,0.9972311982497247,0.27868435316711976,0.0,0.0,0.0,0.7999999999999999,0.0,0.0,0.0,0.863305472328716,0.743514869689275,0.0,0.0,0.0,0.0,0.0,0.0,0.8319700280986575,0.8959973693279024,0.7939468642804378,0.0,0.3174339672955197,0.0,0.0,0.0,0.0,0.0,0.0,0.8795847433514672,0.9680019539331618,0.0,0.0,0.9250452347910106,0.8013998546341585,0.8984761894102106,0.08599876888163385,0.03972870027651931,0.0,0.0,1.0,0.7307692307692308,0.9375,0.7647058823529411,0.3333333333333333,1.0,1.0,0.0,0.0,0.0,0.0,1.0,0.0,1.0,0.9166666666666666,0.7647058823529411,0.6666666666666666,0.4166666666666667,1.0,1.0,1.0,0.0,0.0,0.5662211301836119,0.6000000000000001,0.08587933247753654,0.6806789862227867,0.0,1.0,1.0,0.0,0.0,0.0,0.0,0.0,0.0,0.0,0.0,0.0,0.0,0.0,0.0,0.0,0.0,0.8,0.0,0.0,0.0,0.0,0.0,0.0,0.0,0.0,0.0,0.0,0.0,0.0,0.0,0.0,0.0,0.0,0.0,0.0,0.0,0.0,0.0,0.0,0.0,1.0,0.0,0.0,0.0,0.0,0.0,0.0,0.0,0.0,0.0,0.0,0.0,0.0,0.0,0.0,0.0,0.0,0.0,0.0,0.0,0.0,0.0,0.0,0.0,0.0,0.0,0.0,0.0,0.0,0.0,0.0,0.0,0.0,0.0,0.0,0.0,0.0,0.0,0.0,0.0,0.0,0.0,0.0,0.0,8.38,1
3,1.0,0.25,0.5,0.30000000000000004,0.25,0.41666666666666663,0.30000000000000004,0.6000000000000001,0.4,0.2857142857142857,0.14285714285714282,0.5,0.5,0.5,0.42857142857142855,0.2,1.0,1.0,0.3333333333333333,0.0,0.0,0.0,0.0,1.0,0.0,0.3333333333333333,0.6666666666666666,0.3333333333333333,1.0,0.0,0.0,0.3333333333333333,0.3333333333333333,0.0,0.3333333333333333,0.0,0.3333333333333333,0.2857142857142857,1.0,0.0,0.3333333333333333,0.5,0.3333333333333333,0.3333333333333333,0.0,1.0,0.5,0.5,0.5,0.0,0.0,0.3333333333333333,0.3333333333333333,0.6666666666666666,0.0,0.0,0.0,0.0,0.2,0.5,0.5,0.4,0.25,0.0,0.0,0.0,0.6666666666666666,1.0,0.0,0.5,0.3333333333333333,0.6666666666666666,0.5,0.5,0.0,0.25,0.0,0.25,0.25,0.0,0.623355287181466,0.623355287181466,0.05402199391125871,0.40467145588317416,0.1311375383954712,0.9754399682569321,0.7085026450969871,0.697278194757404,0.7085116351007613,0.7307692307692307,0.0,0.3939347066278378,0.5567502301932139,0.4432497698067863,0.3939347066278378,0.0625,0.07975260416666663,0.10679133858267709,0.07746590773091833,0.4299695053151069,0.6574551852872084,0.17696245141173605,0.5408753229667975,0.07409689784874374,0.0,0.09783379143806165,0.45175253356510936,0.06911651971584631,0.3092360565222689,0.686586495614118,0.7038817673192154,0.7038817673192154,0.6943795122018793,0.7859342334160205,0.7859342334160205,0.8027025550105034,0.8027025550105034,0.7470086822437461,0.7470086822437461,0.7043477312697193,0.7016435225760447,1.0000000000000002,0.02835515152569446,0.7328025269759177,0.6105341828920856,0.27822757806970033,0.7037190525351206,0.8744799214374928,0.6,0.34573528768703593,0.0,0.0,0.0,0.0,0.0,0.0,0.0,0.0,0.19666272606330437,0.44359063717767416,0.7337210022499092,0.747719329763348,0.0,0.0,0.0,0.8708624173601892,1.0,0.27868435316711976,0.0,0.0,0.0,0.9999999999999999,0.0,0.0,0.0,0.7403224147591982,0.743514869689275,0.0,0.09259636855937198,0.0,0.0,0.0,0.0,0.78688729316266,0.8398236736056588,0.5671049030574556,0.0,0.4746338141923445,0.0,0.0,0.0,0.0,0.0,0.0,0.9999999999999999,0.9903984773227327,0.0,0.0,0.6617010972421025,1.0,0.8984761894102106,0.05745115848038537,0.3028077855843269,0.03588499139845669,0.0,1.0,0.6923076923076923,0.9375,0.7058823529411764,0.3333333333333333,1.0,1.0,0.0,0.0,0.0,0.0,0.9333333333333333,0.0,0.9230769230769232,0.8333333333333333,0.7058823529411764,0.6666666666666666,0.4166666666666667,1.0,1.0,1.0,0.0,0.0,0.548464583037713,0.6000000000000001,0.18419077713044407,0.6880346279415261,0.0,0.7142857142857142,0.7142857142857142,0.0,0.0,0.0,0.0,0.0,0.0,0.0,0.0,0.0,0.0,0.0,0.0,0.0,0.0,1.0,0.0,0.0,0.0,0.0,0.0,0.0,0.0,0.0,0.0,0.0,0.0,0.0,0.0,0.0,0.0,0.0,0.0,0.0,0.0,0.0,0.0,0.0,0.0,1.0,0.0,0.0,0.0,0.0,0.0,0.0,0.0,0.0,0.0,0.0,0.0,0.0,0.0,0.0,0.0,0.0,0.0,0.0,0.0,0.0,0.0,0.0,0.0,0.0,0.0,0.0,0.0,0.0,0.0,0.0,0.0,0.0,0.0,0.0,0.0,0.0,0.0,0.0,0.0,0.0,0.0,0.0,0.0,260.0,1
4,0.5,0.5,0.25,0.30000000000000004,0.25,0.16666666666666666,1.0,0.6000000000000001,0.8,0.42857142857142855,0.4285714285714285,1.0,0.125,1.0,0.7142857142857142,0.6000000000000001,0.0,0.0,0.0,0.6666666666666666,0.0,0.0,0.6666666666666666,0.0,0.0,0.0,0.6666666666666666,0.0,0.0,0.2,1.0,0.3333333333333333,0.0,0.0,0.3333333333333333,0.5,0.0,0.0,1.0,0.0,1.0,1.0,0.6666666666666666,1.0,0.0,0.0,1.0,0.5,1.0,1.0,0.0,0.0,0.6666666666666666,0.3333333333333333,0.3333333333333333,0.0,0.5,0.0,0.4,1.0,0.0,1.0,0.25,1.0,0.0,0.0,0.3333333333333333,0.0,0.0,0.5,1.0,1.0,0.0,1.0,0.3333333333333333,0.5,0.0,1.0,0.25,0.5,0.7261753725789291,0.7261753725789291,0.15119828861820872,0.16359660783497776,0.0,0.8511366819157875,1.0,0.9999999999999998,0.9999999999999999,0.9999999999999999,0.0,0.39972018388750796,0.5567539007132352,0.44324609928676506,0.39972018388750796,0.28000000000000014,0.25520833333333337,0.2386614173228343,0.07952050912609154,0.3954856365613786,0.8415674826240069,0.23136890486479444,0.677010899925401,0.1049252370770617,0.2518165440717748,0.09871195619122053,0.9999999999999996,0.195722306697233,0.6149922551184552,0.9999999999999999,1.0,1.0,1.0,0.9999999999999999,0.9999999999999999,0.9644008564849789,0.9644008564849789,0.9155857676203583,0.9155857676203583,0.8608643033588406,0.8595916868418985,0.3870967741935485,1.0,1.0,0.7865752880305372,0.3451663920111191,0.9999999999999999,0.9999999999999999,0.9979644200294078,1.0,0.0,0.0,0.0,0.24863390423834064,1.0,0.0,0.0,0.0,0.2312662179428075,0.0,0.445304578051221,1.0,0.523193367890656,0.0,0.5,1.0,0.9972311982497247,0.28934117768287637,0.0,0.0,0.0,0.9854585612152664,0.0,0.0,0.0,1.0,0.9316567752290875,0.0,0.007252678681194072,0.2844312420639588,0.0,0.0,0.0,0.9999999999999999,1.0,0.9004382363907889,0.0,0.15390296286637978,0.0,0.0,0.3166820802289944,0.0,0.0,0.5287286781123767,0.8795847433514672,1.0,0.0,0.4923352982160893,1.0,0.6706207304129324,0.8024120820982088,0.0,0.0,0.1876955351696778,0.46999336826157595,0.7755102040816326,1.0,1.0,1.0,0.3333333333333333,1.0,1.0,0.0,0.0,0.0,0.0,1.0,0.0,1.0,1.0,1.0,0.6666666666666666,0.6666666666666666,1.0,1.0,1.0,0.0,0.0,0.6796979910783083,0.6000000000000001,0.0,1.0,0.0,1.0,0.8571428571428571,0.0,0.0,0.0,0.0,0.0,0.0,0.0,0.3333333333333333,0.3333333333333333,0.0,0.0,1.0,0.6666666666666666,0.5,0.8,0.0,1.0,0.0,0.0,0.0,1.0,0.0,0.0,0.0,0.0,0.0,0.0,0.0,0.0,0.0,0.0,0.0,0.0,0.0,0.0,0.0,0.0,0.0,1.0,0.0,1.0,0.0,0.0,0.0,0.0,0.0,0.0,0.0,0.0,0.0,0.0,0.0,0.0,0.0,0.0,0.0,0.0,0.0,0.0,0.0,0.0,0.0,0.0,0.0,0.0,0.0,0.0,0.0,0.0,0.0,0.0,0.0,0.0,0.0,0.0,0.0,0.0,0.0,0.0,0.0,0.0,0.0,199.1,1
5,1.0,0.5,0.75,0.30000000000000004,0.5,0.08333333333333333,0.20000000000000004,1.0,0.4,0.7142857142857142,0.9999999999999999,0.75,0.625,0.4,0.8571428571428571,0.2,0.0,0.0,1.0,0.3333333333333333,0.0,1.0,0.3333333333333333,0.0,0.0,1.0,1.0,0.0,0.0,0.2,1.0,0.3333333333333333,0.3333333333333333,0.0,0.3333333333333333,1.0,0.3333333333333333,0.0,0.0,0.0,0.3333333333333333,0.0,0.3333333333333333,0.3333333333333333,0.5,1.0,1.0,0.5,0.5,0.0,0.5,0.0,1.0,0.0,0.0,1.0,0.5,0.3333333333333333,1.0,1.0,1.0,0.2,0.5,0.0,1.0,1.0,0.3333333333333333,0.0,0.0,0.0,0.3333333333333333,0.6666666666666666,0.0,1.0,0.6666666666666666,0.5,0.0,0.25,0.25,0.0,0.8728959992733896,0.8728959992733896,0.009200148295916834,0.26181151450969975,0.29372079404581986,0.4470072576642801,0.8618569347542744,0.8811905263669815,0.8617132661904753,0.8205128205128206,0.0,0.4376417091579051,0.004335020079405005,0.9956649799205952,0.4376417091579051,0.5578947368421053,0.508497807017544,0.5459593866556152,0.07620992285145467,0.26083098604609845,0.6450440410689788,0.3121925915559345,0.919528845420059,0.39348454102271013,0.4336513481284092,0.19256853463554208,0.620888222735219,0.06146248000372356,1.0000000000000002,0.8806485163897396,0.950079412490712,0.950079412490712,0.9310468330303955,0.982089577182471,0.982089577182471,1.0,1.0,1.0,1.0,1.0000000000000002,1.0,0.0,0.7038735711671369,0.741985756901691,0.4588876373178959,0.15389998424807175,0.9266386470950886,0.45448902563487903,0.3743399759982035,0.4907473510903902,0.48950981782636804,0.0,0.0,0.7459017127150219,0.0,0.0,0.0,0.4,0.4132764031401889,1.0,1.0,0.8240413706519658,0.4986065228197291,0.0,0.0,0.17417248347203784,0.6840647395847836,0.15065722407603002,0.9999999999999999,0.0,1.0,0.3652297756250248,0.0,1.0,0.0,0.37062622064505735,0.8118580944601874,0.0,1.0,0.5184268140818878,0.0,0.0,0.0,0.5298470184202312,0.7528702648124661,0.7731580387770177,0.0,1.0,0.0,0.0,0.7305990447718748,0.18166367417633647,0.0,0.0,0.41885804421653505,0.7504792982396503,0.0,0.9899860823309387,0.5757483348836576,0.1505080698528627,0.6032786249943849,0.5521454864770197,0.5906773461465292,0.4817345550764331,0.4440457670034225,0.12698412698412698,0.9230769230769231,0.375,0.5294117647058824,0.6666666666666666,0.5,1.0,0.0,1.0,0.0,1.0,0.4,0.0,0.6923076923076924,0.41666666666666663,0.5294117647058824,0.3333333333333333,0.25,0.0,0.5,0.3333333333333333,0.0,0.0,0.32678624015086233,1.0,0.9074750666535006,0.9672592609537181,0.0,0.2857142857142857,0.14285714285714285,0.0,0.0,0.0,0.0,1.0,0.0,0.0,1.0,1.0,0.0,0.0,0.0,0.0,0.0,0.2,0.0,0.0,0.0,0.0,0.0,0.0,0.0,0.0,0.0,0.0,0.0,0.0,0.0,0.0,0.0,0.0,1.0,0.0,1.0,0.0,0.0,0.0,0.0,0.75,0.0,0.0,0.0,0.0,0.0,0.0,0.0,0.0,0.0,1.0,0.5,0.0,0.0,0.5,0.0,0.0,0.0,0.0,0.0,0.0,0.0,0.0,0.0,1.0,1.0,0.0,0.0,0.0,0.0,0.0,0.0,0.0,0.0,0.0,0.0,0.0,0.0,0.0,0.0,0.0,0.0,0.0,0.0,20.0,1
6,0.0,0.5,0.5,0.0,0.25,0.16666666666666666,0.30000000000000004,0.2,0.4,0.0,0.14285714285714282,0.75,0.125,0.4,0.42857142857142855,0.2,0.0,0.0,0.0,0.0,0.0,0.0,0.3333333333333333,1.0,0.0,0.0,0.3333333333333333,1.0,0.0,0.0,0.0,0.0,0.0,0.3333333333333333,0.3333333333333333,0.0,0.3333333333333333,0.14285714285714285,0.0,0.0,0.3333333333333333,0.0,1.0,0.0,0.0,0.0,0.0,0.5,0.0,0.0,1.0,0.0,0.0,0.0,0.3333333333333333,0.0,0.0,0.3333333333333333,0.0,0.75,0.25,0.6000000000000001,0.5,0.3333333333333333,0.0,0.0,0.3333333333333333,0.0,0.3333333333333333,0.5,0.3333333333333333,0.0,0.5,0.0,0.3333333333333333,0.25,0.0,0.25,0.25,0.0,0.654618281469523,0.654618281469523,0.14262581363634155,0.4340375897070582,0.4226016524600802,0.05807580991504058,0.33949755935495396,0.3752546457654499,0.33714915192642203,0.23076923076923073,0.0,0.621709739038348,0.5540392470018374,0.44596075299816285,0.621709739038348,0.8200000000000002,0.5760416666666667,0.4387401574803147,0.9999999999999999,0.6855359351895487,0.22186685448221866,0.7701183374111631,0.3676957276745241,0.5717127675287257,0.5067838575295351,0.0,0.0,0.6046284119816847,0.19246605240021686,0.2700193777426694,0.1519891738963337,0.2618303408005651,0.2123086686116621,0.08802582712927576,0.20348190846030012,0.08751604536661378,0.24774739071439894,0.03981738659682932,0.11232990441148377,0.0,0.021392432900157077,0.6953405017921149,5.916432455772388e-05,0.32703803892128047,0.2988107392600338,0.19741520610798516,0.28027148012973946,0.13620315925755647,0.1,0.1329143074140334,0.0,1.0,0.0,0.7731396788992985,0.0,0.0,0.0,0.7649349114097995,0.34535203638087963,0.28891135413256475,0.4172685335969867,0.33504252925783745,1.0,0.0,0.5,0.0,0.11479629114659932,0.1400003995602734,0.7743967632652887,0.0,0.0,0.18545856121526658,0.5643479259772323,0.0,1.0,0.09658080303052607,0.1881419055398125,0.8545521160585298,0.07566255367011615,0.6912357521091836,0.0,0.0,0.0,0.3014985950671246,0.31356452488540676,0.4445612789998331,0.0,0.13924327821708454,0.12279412888286331,0.0,0.5500117325595378,0.0,0.0,0.18371536081864415,0.5945172315804986,0.026225069146553075,1.0,0.4978968760042486,0.41685903734766383,0.061636876122487916,0.8282239200030926,0.573735267429984,0.7420898951413342,0.028795160020345115,0.0,0.0,0.23076923076923073,0.1875,0.2941176470588235,0.0,0.0,0.0,0.5,0.5,0.0,0.5,0.13333333333333333,0.0,0.23076923076923078,0.25,0.4117647058823529,0.0,0.4166666666666667,0.0,0.0,0.0,0.0,0.0,0.3120247869983439,0.2,0.895635430038511,0.23301803708066904,0.0,0.2857142857142857,0.2857142857142857,0.0,0.0,0.0,0.0,0.0,0.0,0.0,0.3333333333333333,0.3333333333333333,0.0,0.0,0.0,0.3333333333333333,0.5,0.0,0.0,0.0,0.0,0.0,0.0,0.0,0.0,1.0,0.0,0.5,0.0,0.0,0.0,0.0,0.0,0.0,0.5,0.0,0.0,0.0,0.0,0.0,0.0,0.0,0.0,0.0,1.0,0.0,0.0,0.0,0.0,0.0,0.0,0.0,0.0,0.0,0.0,0.0,0.0,0.0,1.0,1.0,1.0,0.0,0.0,0.0,0.0,0.0,0.0,0.0,0.0,0.0,0.0,0.0,0.0,0.0,0.0,0.0,0.0,0.0,0.0,0.0,0.0,0.0,0.0,0.0,0.0,766.0,1
7,1.0,1.0,1.0,1.0,1.0,0.08333333333333333,0.20000000000000004,1.0,1.0,0.42857142857142855,0.0,0.75,1.0,0.8,0.8571428571428571,1.0,0.0,1.0,0.0,1.0,1.0,1.0,0.3333333333333333,0.0,1.0,0.6666666666666666,0.6666666666666666,0.6666666666666666,1.0,1.0,0.0,1.0,1.0,0.3333333333333333,1.0,0.5,0.3333333333333333,0.0,0.0,0.0,0.6666666666666666,0.0,0.0,0.3333333333333333,1.0,0.0,0.5,1.0,0.0,0.0,1.0,1.0,0.6666666666666666,0.0,0.0,0.6666666666666666,0.0,0.6666666666666666,0.0,0.25,0.5,0.2,0.25,1.0,0.5,1.0,1.0,1.0,1.0,0.0,0.3333333333333333,1.0,1.0,0.0,0.3333333333333333,0.75,1.0,0.5,1.0,1.0,1.0,1.0,0.04167834085892984,0.4367207048969157,0.9999999999999998,0.20970174443239514,0.4372281428096807,0.45678722151074486,0.4371992400102873,0.41025641025641024,0.0,0.8179848841056032,0.10152871994024038,0.8984712800597598,0.8179848841056032,0.7692307692307693,0.6562500000000001,0.6961841308297998,0.19625179870575193,0.7266727503302697,0.32560845069631617,0.43300937373317083,0.7356643824308104,0.5463642438901948,0.31999590038540116,0.6344719320103224,0.24213286856518312,0.21465054619579882,0.6367002822461225,0.4326409297330852,0.48534160169895746,0.48534160169895746,0.46664974820109084,0.49916294742011924,0.49916294742011924,0.5369803673410563,0.5369803673410563,0.5232568672263471,0.5232568672263471,0.5267813484173842,0.5224530136573824,0.26523297491039455,0.002655801060674149,0.3353624426203089,0.16926739847987432,0.034259923571727885,0.4525687892477911,0.24742745653975493,0.29255927370008056,0.3178863795687801,0.45950780580841727,0.0,0.48983014114463747,0.24863390423834064,0.9198925892069629,0.0,0.0,0.0,0.4170723896521292,0.7709520463286423,0.40237331800717485,0.3198703048475945,0.6483310575577673,0.0,0.8902939428048926,0.0,0.07113868016989018,0.9479065025832725,0.6565982008589224,0.0,0.3333333333333333,0.5255122706909261,1.0,0.3333333333333333,0.0,0.26062594942657313,0.0,0.49149317306407664,0.2437589618842645,0.4859137690419548,0.0,1.0,0.0,0.1838276615672807,0.15683320333549478,0.423919148033846,0.0,0.5777554414433126,0.6630987486728245,0.6366223819279485,0.14046037071111794,0.11983067502681967,0.42715286914975475,0.16931060292742628,0.09948092918933413,0.9836229710765384,0.0,0.7022735790656369,0.1221811822512749,0.04917729342551759,0.7551535724007284,0.35794894357297896,0.8619710434570291,0.7922107105082057,0.6679996051522511,0.12698412698412698,0.46153846153846145,0.0625,0.2941176470588235,0.0,1.0,0.6666666666666666,0.0,0.5,1.0,1.0,0.06666666666666667,0.0,0.3076923076923077,0.08333333333333333,0.3529411764705882,1.0,0.08333333333333333,0.0,0.5,0.3333333333333333,0.0,1.0,0.10742987749458058,0.8,0.9583390935123927,0.5186350124987458,0.0,0.0,0.0,0.0,1.0,1.0,0.0,0.0,1.0,1.0,0.3333333333333333,0.0,0.0,0.0,0.0,1.0,0.0,0.0,0.0,1.0,0.0,0.0,0.0,0.0,0.0,0.0,0.0,0.0,0.0,1.0,0.0,0.0,0.0,0.0,0.5,0.0,0.0,0.0,0.0,0.0,0.0,0.25,0.0,0.0,0.5,0.0,0.0,0.0,0.0,0.0,0.0,0.0,0.0,0.0,0.0,0.0,0.0,0.0,0.0,0.0,0.0,0.0,0.0,0.0,0.0,0.0,0.0,0.0,0.0,0.0,1.0,0.0,0.0,1.0,0.0,0.0,0.0,0.0,0.0,0.0,0.0,0.0,0.0,0.0,0.0,0.2,0
8,0.25,0.75,0.0,0.1,0.125,0.0,0.4,0.0,0.4,0.14285714285714285,0.0,0.875,0.125,0.0,1.0,0.30000000000000004,0.0,1.0,0.0,0.0,0.5,0.0,0.6666666666666666,0.0,0.0,0.0,0.0,0.0,0.0,0.0,1.0,0.0,0.0,0.3333333333333333,0.0,0.0,0.0,0.0,0.0,0.0,0.3333333333333333,1.0,0.0,0.6666666666666666,0.0,0.0,0.0,0.0,0.5,0.0,0.0,0.3333333333333333,0.0,0.0,0.6666666666666666,0.0,0.5,0.0,0.0,0.5,0.0,0.0,1.0,1.0,0.0,0.5,0.0,0.0,0.0,0.0,0.0,0.0,0.0,0.0,1.0,1.0,0.5,0.0,0.5,0.0,0.8781880757341232,0.8781880757341232,0.0,0.0,0.23438302388886093,0.5805558148943453,0.6904060926678421,0.7135512074397088,0.6903305868890183,0.6538461538461539,0.0,0.5848074229014785,7.267413342670892e-06,0.9999927325866576,0.5848074229014785,0.5454545454545453,0.4375000000000001,0.41889763779527556,0.05965757279634265,0.0,1.0,0.0,1.0,0.0,0.4112075617155424,0.2840910861985013,0.38534041431167854,0.2633906168000879,0.8381063079652937,0.7379114259260885,0.7261789184642827,0.7261789184642827,0.7043433682075274,0.6959337415566745,0.6959337415566745,0.8428450845349187,0.8428450845349187,0.8603715173504409,0.8603715173504409,0.9851924147151314,0.9850569758733065,0.03584229390680993,0.036256443916207685,0.5980118351515359,0.2512719663351473,0.04938382280906328,0.7187448565935385,0.40326793742514455,0.37419842534702,0.31287249944621603,0.48950981782636804,0.5094782958927248,0.0,0.9999999999999999,0.0,0.0,0.0,0.4,0.8033372739366956,0.0,0.9669257374402437,0.7568420107099563,0.6676783783499666,0.0,0.46079598943977906,0.5337107361243418,0.2592481774201346,0.2986815562452059,0.8963076440401353,0.0,0.3333333333333333,0.19999999999999998,0.0,0.3333333333333333,0.0,0.4444232976661048,0.7842159345584371,0.9999999999999999,0.1677166924915024,0.9999999999999999,0.0,0.5282220053364081,0.0,0.5798314080549487,0.738568692908926,0.9999999999999999,0.0,0.2724180094304287,0.0,0.0,1.0,0.0,0.0,0.0,0.12041525664853266,0.026225069146553075,0.0,0.9984579920636274,0.8655849745637395,0.0,0.0,0.46426982832752417,0.7134981283997939,0.27358556216076907,0.9275469973168492,0.07142857142857151,0.7307692307692308,0.5,0.5294117647058824,1.0,0.0,1.0,0.5,0.5,0.0,0.5,0.4,0.0,0.6153846153846154,0.5833333333333333,0.5294117647058824,0.0,0.08333333333333333,1.0,0.0,0.3333333333333333,0.0,0.0,0.18851458153422643,0.8,0.6676113360323893,0.7278145686948065,0.0,0.7142857142857142,0.42857142857142855,0.0,0.0,0.0,0.0,0.5,0.0,0.0,1.0,1.0,0.0,0.0,0.0,0.3333333333333333,0.0,0.2,0.0,1.0,0.0,0.0,0.0,0.0,0.0,0.0,0.0,0.5,0.0,0.0,0.0,0.0,0.0,0.0,0.5,0.0,1.0,0.0,0.0,0.0,0.0,0.0,0.0,0.0,0.0,0.0,0.0,0.0,0.0,0.0,0.0,0.6666666666666666,1.0,0.0,0.0,0.0,0.0,0.0,0.0,0.0,0.0,0.0,0.0,0.0,0.0,0.5,0.5,0.0,0.0,0.0,0.0,1.0,0.0,0.0,0.0,0.0,0.0,0.0,0.0,0.0,0.0,0.0,0.0,0.0,0.0,9.61,1
9,0.25,1.0,0.375,0.2,0.5,1.0,0.8,0.6000000000000001,0.6000000000000001,1.0,0.3571428571428571,0.5,0.25,0.30000000000000004,0.7142857142857142,0.30000000000000004,0.0,0.0,0.0,0.3333333333333333,0.0,0.0,1.0,1.0,0.0,0.6666666666666666,0.3333333333333333,0.0,0.0,0.2,0.0,0.3333333333333333,0.0,1.0,0.3333333333333333,0.0,1.0,1.0,1.0,0.0,0.3333333333333333,1.0,1.0,1.0,0.5,0.0,0.5,0.5,0.5,0.0,0.5,0.3333333333333333,0.3333333333333333,1.0,0.6666666666666666,0.6666666666666666,1.0,1.0,0.1,0.5,0.25,0.2,0.5,0.3333333333333333,0.0,0.5,0.3333333333333333,0.0,0.0,1.0,0.16666666666666666,0.0,0.0,0.5,1.0,0.0,0.0,0.25,0.5,0.0,0.874954340431005,0.874954340431005,0.1849059798335491,0.0711707942071258,0.3264423940642045,0.5428881523667257,0.6495182601139817,0.6703249198912788,0.6494352888595879,0.6153846153846153,0.0,0.5848073344334789,0.0,1.0000000000000002,0.5848073344334789,0.5875,0.48079427083333337,0.47057086614173205,0.059344502762964435,0.019426972092739803,0.937912889582087,0.05448261279494204,0.9984530429996514,0.10014142724231068,0.41080209121085676,0.31557626336640954,0.3542786810525138,0.23726145648287567,0.8070963989061317,0.6950390081454988,0.7031146763303825,0.7031146763303825,0.6683098925657885,0.6815996083264061,0.6815996083264061,0.8283363035607803,0.8283363035607803,0.8577647499030545,0.8577647499030545,0.9621878803772796,0.9618420285999563,0.05017921146953408,0.024333483333891296,0.5580801553067256,0.23015804768188758,0.037751127151733926,0.685592195068018,0.33783712797012866,0.37419842534702,0.31287249944621603,0.48950981782636804,0.5094782958927248,0.0,0.9999999999999999,0.0,0.0,0.0,0.4,0.9999999999999999,0.414550720274143,0.40858477917499975,0.6710002476872604,0.6676783783499666,0.0,0.46079598943977906,0.5337107361243418,0.2626922572051513,0.2986815562452059,0.8963076440401353,0.0,0.3333333333333333,0.19999999999999998,0.0,0.3333333333333333,0.0,0.36024914473455627,0.7842159345584371,0.9999999999999999,0.2603130610508744,0.9999999999999999,0.0,0.5282220053364081,0.0,0.5166718701217611,0.6829609670515101,0.8865790193885088,0.0,0.42961785632725347,0.0,0.0,1.0,0.0,0.0,0.0,0.12041525664853266,0.026225069146553075,0.0,1.0,0.7163154848545764,0.03890308181083958,0.16472130954702047,0.5004995514730268,0.7907227015831704,0.29387987427196066,0.9967869350833167,0.07142857142857151,0.6923076923076923,0.4375,0.47058823529411764,1.0,0.0,1.0,0.5,0.5,0.0,0.5,0.3333333333333333,0.0,0.5384615384615384,0.5,0.47058823529411764,0.0,0.08333333333333333,1.0,0.0,0.3333333333333333,0.0,0.0,0.16984937895576266,0.8,0.7692406438234427,0.7101523868345712,0.0,0.5714285714285714,0.2857142857142857,0.0,0.0,0.0,0.0,0.5,0.0,0.0,1.0,1.0,0.0,0.0,0.0,0.3333333333333333,0.0,0.2,0.0,1.0,0.0,0.0,0.0,0.0,0.0,0.0,0.0,0.5,0.0,0.0,0.0,0.0,0.0,0.0,0.5,0.0,1.0,0.0,0.0,0.0,0.0,0.0,0.0,0.0,0.0,0.0,0.0,0.0,0.0,0.0,0.0,0.6666666666666666,1.0,0.0,0.0,0.0,0.0,0.0,0.0,0.0,0.0,0.0,0.0,0.0,0.0,0.5,0.5,0.0,0.0,0.0,0.0,1.0,0.0,0.0,0.0,0.0,0.0,0.0,0.0,0.0,0.0,0.0,0.0,0.0,0.0,3.4,0
10,0.0,0.25,0.375,0.1,0.0,0.25,0.20000000000000004,0.4,0.4,0.14285714285714285,0.07142857142857142,0.125,0.375,0.2,0.0,0.2,0.0,0.0,0.0,0.0,0.0,0.0,0.3333333333333333,0.0,0.0,0.6666666666666666,0.0,0.3333333333333333,0.5,0.0,0.0,0.0,0.0,0.0,0.0,0.0,0.0,0.0,1.0,1.0,0.3333333333333333,0.0,0.3333333333333333,0.3333333333333333,0.5,0.0,0.0,0.5,0.0,0.5,0.0,0.3333333333333333,0.0,0.3333333333333333,0.0,0.3333333333333333,0.5,0.0,0.2,0.0,0.0,0.2,0.0,0.3333333333333333,0.0,0.0,1.0,0.0,0.0,1.0,0.0,0.0,0.0,0.0,0.0,0.0,0.5,0.25,0.0,0.0,0.6597075123360454,0.6597075123360454,0.13773175608582258,0.605885633197486,0.3763148840299344,0.0,0.36821539011986004,0.36748693673977745,0.3682437409252617,0.3846153846153846,0.0,1.0,0.2956517835284145,0.7043482164715857,1.0,0.34782608695652184,0.30751811594202916,0.3153714481342005,0.07019069126847544,0.82510874402697,0.0,1.0,0.0,0.7150475057056633,0.2389621360636056,0.3847544112497058,0.1484371381307601,1.0000000000000002,0.06269492378805014,0.37123697248947896,0.41342551963425134,0.41342551963425134,0.36161746794179195,0.34258113453264205,0.34258113453264205,0.1861861811305568,0.1861861811305568,0.07107659298291846,0.07107659298291846,0.009063683540652512,0.0,0.5304659498207887,0.0002726440341504404,0.520524875072698,1.0,0.9999999999999999,0.3612232097150734,0.3776766309761922,0.31946316892070464,0.0,0.0,0.0,1.0,0.0,0.96036628455414,0.0,0.0,0.0,0.39332545212660874,0.494452185180664,0.4572468977121563,0.5603019472236492,0.5308772275022102,0.0,1.0,0.0,0.20525532973099658,1.0,0.0,0.0,0.0,0.37091712243053315,0.9515046051631858,0.0,0.0,0.34569696004646966,0.9316567752290875,0.0,0.18519273711874396,0.0,0.0,0.0,0.0,0.2999063378083048,0.16606177213430776,0.3194741163310533,0.0,0.323510259054207,1.0,0.0,0.322307570552046,0.0,0.0,0.3674307216372883,0.3979237167573365,0.837095823353843,0.0,0.836779240305342,0.06558797925639026,0.05627243671520696,0.8984761894102106,0.24465381183092755,0.8585566975433062,0.29325678781093373,1.0,0.6632653061224489,0.34615384615384615,0.125,0.4117647058823529,0.0,0.0,0.0,1.0,0.0,0.0,0.0,0.06666666666666667,0.0,0.3846153846153847,0.16666666666666666,0.4117647058823529,0.0,0.9999999999999999,0.0,0.0,0.0,0.0,0.0,0.9999999999999999,0.0,0.8522267206477736,0.34386989613396746,0.0,0.0,0.0,0.0,0.0,0.0,0.0,0.0,0.0,0.0,1.0,1.0,0.0,0.0,0.0,0.0,1.0,0.0,0.0,0.0,0.0,0.0,0.0,1.0,1.0,0.0,0.0,1.0,0.0,0.0,0.0,0.0,0.0,0.0,0.0,0.0,0.0,0.0,0.0,0.0,0.0,1.0,0.0,0.0,0.0,0.0,0.0,0.0,0.0,0.0,0.0,0.0,0.0,0.0,0.0,1.0,0.0,0.0,0.0,0.0,0.0,0.0,0.0,0.0,0.0,0.0,0.0,0.0,0.0,0.0,0.0,0.0,0.0,0.0,0.0,0.0,0.0,0.0,0.0,0.0,0.0,0.0,0.0,1.0,0.0,,0
11,0.25,0.75,0.25,0.1,0.0,0.16666666666666666,0.20000000000000004,0.4,0.8,0.0,0.0,0.125,0.25,0.2,0.2857142857142857,0.1,0.0,0.0,0.3333333333333333,0.0,0.0,1.0,0.3333333333333333,1.0,1.0,0.3333333333333333,0.0,0.0,0.0,0.2,0.0,0.0,0.0,0.0,0.0,0.0,0.0,0.14285714285714285,0.0,1.0,0.0,0.0,0.6666666666666666,0.3333333333333333,0.0,1.0,0.0,0.5,0.5,1.0,0.0,0.3333333333333333,0.0,0.0,0.0,0.0,1.0,0.0,0.0,0.25,0.25,0.0,0.25,0.0,0.0,0.5,0.3333333333333333,0.0,0.0,0.0,0.3333333333333333,0.0,0.5,0.0,0.3333333333333333,0.0,0.5,0.0,0.0,0.0,,,,,,,,,,,,,,,,,,,,,,,,,,,,,,,,,,,,,,,,,,,,,,,,,,,,,,,,,,,,,,,,,,,,,,,,,,,,,,,,,,,,,,,,,,,,,,,,,,,,,,,,,,,,,,,,,,,,,,,,,,,,,,,,,,,,,,,,,,,,,,,,,,,,,,,,,,,,,,,,,,,,,,,,,,,,,,,,,,,,,,,,,,,,,,,,,,,,,,,,,,,,,,,,,,,,,,,,,,,0
12,0.25,0.25,0.5,0.1,0.0,0.08333333333333333,0.30000000000000004,0.2,0.2,0.14285714285714285,0.07142857142857142,0.375,0.5,0.2,0.0,0.1,0.0,0.0,0.3333333333333333,0.0,0.0,0.0,0.3333333333333333,0.0,0.0,0.3333333333333333,0.6666666666666666,0.3333333333333333,0.0,0.2,0.0,0.0,0.0,0.0,0.0,0.0,0.0,0.0,0.5,0.0,0.3333333333333333,0.0,0.6666666666666666,0.3333333333333333,0.5,0.0,0.0,0.0,0.0,0.0,0.0,0.3333333333333333,0.0,0.0,0.3333333333333333,0.3333333333333333,0.0,0.3333333333333333,0.0,0.5,0.5,0.2,0.0,0.3333333333333333,0.5,0.5,0.6666666666666666,0.0,0.0,0.5,0.16666666666666666,0.0,0.0,0.0,0.0,0.0,0.5,0.0,0.0,0.0,0.0,0.0,1.0,1.0,0.8132095088377288,0.26914253704469365,0.0,0.0,0.0,0.01282051282051283,0.0,0.0,1.0000000000000002,0.0,0.0,0.9999999999999999,1.0,0.9999999999999998,0.0,0.8743182150072659,0.0980200340373969,0.9729514985803167,0.263895418842107,1.0,0.008913745046420285,1.0,0.28364023021962925,0.10661230076349582,0.0,0.0,0.06087049839207381,0.06087049839207381,0.0,0.08588942683490819,0.08588942683490819,0.14213627293433434,0.14213627293433434,0.107358313276613,0.107358313276613,0.1326868310854994,0.12475387720833264,0.881720430107527,8.553337519995389e-07,0.02569775815551717,0.03889873854155529,0.04383516642410423,0.01849422316844418,0.0,0.0,0.0,0.0,0.0,0.0,0.2584579054720648,0.0,0.0,0.0,0.42826634529540386,0.7533300293734111,0.7477404477579032,0.0,0.0,0.0,0.0,0.9294979533651134,0.179769126326152,0.14504960050656646,0.4160518608205391,0.5833653261051966,0.0,0.0,0.0,0.0,0.0,0.0,0.028926231536299057,0.2519587540757375,0.49999999999999994,0.18196269034178164,0.694952557520505,0.0,0.0,0.0,0.0,0.0,0.0,0.0,0.0,0.0,0.41006261512102965,0.7196371675055016,0.0,0.2775781403506775,1.0,0.0,0.026225069146553075,0.0,0.1718609596801435,0.0,0.0947844417206073,0.980950597333057,0.7214918265984691,1.0,0.9236618428636595,0.0,0.34523809523809534,0.0,0.0,0.0,0.0,0.5,0.3333333333333333,0.0,0.0,1.0,0.5,0.06666666666666667,0.0,0.0,0.0,0.0,0.6666666666666666,0.16666666666666669,0.0,0.5,0.3333333333333333,0.0,1.0,0.04205024470110322,0.4,1.0,0.049956854865869094,0.0,0.0,0.0,0.0,0.0,1.0,0.0,0.0,0.0,0.0,0.0,0.0,0.0,0.0,0.0,0.6666666666666666,0.0,0.0,0.0,0.0,1.0,0.0,0.0,0.0,0.0,0.0,0.0,0.0,0.0,0.0,0.0,0.0,0.0,0.0,0.0,0.0,0.0,0.0,0.0,0.0,0.0,0.0,0.0,0.0,0.0,0.0,0.0,0.0,0.0,0.0,0.0,0.0,0.0,0.0,0.0,0.0,0.0,0.0,0.0,0.0,0.0,0.0,0.0,0.0,0.0,0.0,0.0,0.0,0.0,0.0,0.0,0.0,0.0,1.0,0.0,0.0,0.0,0.0,0.0,0.0,0.0,0.0,0.0,0.0,0.0,,0
13,0.25,0.25,0.125,0.30000000000000004,0.125,0.0,0.30000000000000004,0.4,0.6000000000000001,0.14285714285714285,0.0,0.125,0.125,0.30000000000000004,0.2857142857142857,0.2,0.0,0.0,0.0,0.3333333333333333,0.0,0.0,0.0,1.0,0.0,0.3333333333333333,0.0,0.0,0.0,0.6000000000000001,0.0,0.0,0.3333333333333333,0.0,0.0,0.0,0.0,0.0,0.0,0.0,0.0,0.0,1.0,0.3333333333333333,0.0,0.0,1.0,0.0,0.0,0.5,0.0,0.6666666666666666,0.3333333333333333,0.0,0.0,0.3333333333333333,0.5,0.3333333333333333,0.0,0.25,0.0,0.0,0.0,0.6666666666666666,0.0,0.0,0.3333333333333333,0.0,0.0,0.0,0.5,0.0,1.0,0.0,0.0,0.0,0.5,0.0,0.0,0.0,0.7704833417289072,0.7704833417289072,0.008087403360011965,0.685241741457915,0.8746415179787832,0.23918047511581714,0.5499884995783182,0.5460388736686819,0.5499082207057565,0.5512820512820512,0.0,0.509431010164383,0.054924085977432924,0.9450759140225673,0.509431010164383,0.8551724137931035,0.7945402298850578,0.8727667662231873,0.07507993909240984,0.6324365973378185,0.38881701879132713,0.2713181129511515,0.45241170759749716,0.3033101418198454,0.299767351232783,0.2990922662566371,0.3071525555486847,0.0,0.41138366163434653,0.5418954304107125,0.6846403742397268,0.6846403742397268,0.5995509727653766,0.7037961860650551,0.7037961860650551,0.6727881780937404,0.6727881780937404,0.5367686949898209,0.5367686949898209,0.48301783939891885,0.4782892179708604,0.4265232974910397,0.007211630514049739,0.538488822198622,0.5419333794081471,0.3372466343593119,0.6094421118543251,0.2555491697800185,0.3075107908161797,0.0,1.0,0.0,0.0,0.7513660957616591,0.0,0.0,0.0,0.4565326905908078,0.7278209341535058,0.8848141033087592,0.4781885603915937,0.40007717436992185,0.5029750981401278,0.0,0.9607959894397791,0.359538252652304,0.2880022388810881,0.9633157285351326,0.4606948460146131,0.0,0.3333333333333333,0.5361468980555579,0.5643479259772323,0.3333333333333333,0.0,0.2809713183079474,0.9999999999999999,0.9999999999999999,0.27993010138628627,0.5184268140818878,0.0,0.0,0.0,0.2279113331251952,0.0,0.2129827442207022,0.0,0.9101228071396303,0.5626124892791251,0.9999999999999999,0.0,0.18654548934296245,0.7253751992083683,0.5367413245647145,0.2984427875680024,0.7412369388796626,0.0,0.6592512516180306,0.07715988379085886,0.1108521974301716,0.9999999999999999,0.6838997783035451,0.8250672911862857,1.0,0.5397427484965144,0.4013605442176871,0.5769230769230769,0.125,0.3529411764705882,0.0,1.0,0.6666666666666666,1.0,0.5,0.0,0.5,0.06666666666666667,1.0,0.3076923076923077,0.16666666666666666,0.3529411764705882,0.6666666666666666,0.3333333333333333,0.0,0.5,0.3333333333333333,0.0,1.0,0.42967010753881063,0.6000000000000001,0.9639379875580132,0.6902763957355584,0.0,0.0,0.0,0.0,0.0,0.0,0.0,0.0,0.0,0.0,0.6666666666666666,0.6666666666666666,0.0,0.0,0.0,0.3333333333333333,1.0,0.0,0.0,0.0,1.0,0.0,0.0,0.0,0.0,0.0,0.0,1.0,0.0,1.0,0.0,0.0,0.0,0.0,0.5,0.0,0.6666666666666666,0.0,0.0,0.0,0.0,0.75,0.0,0.0,0.0,0.0,0.0,0.0,0.0,0.0,0.0,0.0,0.0,0.0,0.0,0.5,0.0,0.0,0.0,0.0,0.0,0.0,0.0,0.0,0.0,0.0,0.0,0.0,0.0,0.0,0.0,0.0,0.0,0.0,0.0,0.0,0.0,0.0,0.0,0.0,0.0,0.0,0.0,0.0,0.0,,0
14,0.0,0.5,0.375,0.1,0.125,0.08333333333333333,0.20000000000000004,0.4,0.8,0.14285714285714285,0.07142857142857142,0.0,0.25,0.2,0.14285714285714285,0.2,0.0,0.0,0.0,0.0,0.0,0.0,0.3333333333333333,1.0,0.0,0.0,0.6666666666666666,0.3333333333333333,0.0,0.2,0.0,0.0,0.0,0.0,0.3333333333333333,0.0,0.0,0.0,0.0,1.0,0.6666666666666666,0.0,0.3333333333333333,0.0,0.5,0.0,0.0,0.5,0.0,0.5,0.5,0.3333333333333333,0.3333333333333333,0.3333333333333333,0.0,0.0,1.0,0.6666666666666666,0.0,0.0,0.0,0.0,0.0,0.3333333333333333,0.0,0.5,0.3333333333333333,0.0,0.0,0.0,0.3333333333333333,0.0,0.0,0.0,0.3333333333333333,0.0,0.0,0.25,0.25,0.0,0.6270407395416155,0.6270407395416155,0.09920609932286542,0.7489813090612768,0.6952457112370318,0.14260373181108865,0.002402310306933164,0.01615683477339891,0.0024228709851815133,0.0,0.0,0.7261638244819625,0.2145489091741264,0.7854510908258738,0.7261638244819625,0.5714285714285713,0.5989583333333334,0.7401574803149604,0.06839229379878164,1.0,0.04110402302713512,0.817688659661381,0.26347852019731466,0.9511977955037105,0.23198314265255493,0.33936654377039305,0.018166012676626764,0.24946514153583288,0.03624391325368326,0.0,0.0,0.0,0.001419082625422008,0.0,0.0,0.0,0.0,0.0,0.0,0.019512773752108414,0.010544663706332724,0.6594982078853048,0.0,0.0,0.0,0.0,0.0,0.06069423570658876,0.10823916032326215,0.0,0.0,0.0,0.48983014114463747,0.24863390423834064,0.0,0.0,0.0,0.6000000000000001,0.1749496173553392,0.2912785251791539,0.30788284269361976,0.16022477285372738,0.33499661531028624,0.0,0.0,0.0,0.0,0.5211978172469768,0.5880563586958928,0.0,0.0,0.17091712243053317,0.5643479259772323,0.0,0.0,0.0,0.37402062296213123,0.0,0.0,0.8640446901364796,0.0,0.0,0.0,0.041866999687792686,0.0,0.1064913721103511,0.0,0.14614545185243977,0.2875419181332269,0.6240274159359027,0.0,0.0,0.41193720118744775,0.588542924483703,0.09948092918933413,0.23734059530233426,0.0,0.32962961027264503,0.0,0.09298651275706972,0.8897387859189488,1.0,0.8221775841323249,0.3795424150724446,0.0,0.0,0.0,0.0,0.05882352941176469,0.0,0.5,0.3333333333333333,0.0,0.5,0.0,0.5,0.0,0.0,0.07692307692307693,0.0,0.05882352941176469,0.3333333333333333,0.0,0.0,0.5,0.3333333333333333,0.0,0.0,0.0,0.4,0.9480596425397453,0.0,0.0,0.0,0.0,0.0,0.0,0.0,0.0,0.0,0.0,0.0,0.3333333333333333,0.3333333333333333,0.0,0.0,0.0,0.3333333333333333,0.0,0.0,0.0,0.0,0.0,0.0,0.0,0.0,0.0,0.0,0.0,0.0,0.0,1.0,0.0,0.0,0.0,0.0,0.5,0.0,0.0,0.0,0.0,0.0,1.0,0.25,0.0,0.0,0.0,0.0,0.0,0.0,0.0,0.0,0.0,0.0,0.0,0.0,1.0,0.0,0.0,0.0,0.0,0.0,0.0,0.0,0.0,0.0,1.0,0.0,0.0,0.0,0.0,0.0,0.0,0.0,0.0,0.0,0.0,0.0,0.0,0.0,0.0,0.0,0.0,0.0,0.0,0.0,0.0,,0
